"0","pred_Measurement(start_d, end_d,
                 case = AC, GT = AC_GT,
                 12, 1)
"
"1","This is the"
"1"," "
"1","1"
"1"," "
"1","/"
"1"," "
"1","12"
"1"," "
"1","prediction for model"
"1"," "
"1","ARGO"
"1"," "
"1","."
"1","This is the"
"1"," "
"1","2"
"1"," "
"1","/"
"1"," "
"1","12"
"1"," "
"1","prediction for model"
"1"," "
"1","ARGO"
"1"," "
"1","."
"1","This is the"
"1"," "
"1","3"
"1"," "
"1","/"
"1"," "
"1","12"
"1"," "
"1","prediction for model"
"1"," "
"1","ARGO"
"1"," "
"1","."
"1","This is the"
"1"," "
"1","4"
"1"," "
"1","/"
"1"," "
"1","12"
"1"," "
"1","prediction for model"
"1"," "
"1","ARGO"
"1"," "
"1","."
"1","This is the"
"1"," "
"1","5"
"1"," "
"1","/"
"1"," "
"1","12"
"1"," "
"1","prediction for model"
"1"," "
"1","ARGO"
"1"," "
"1","."
"1","This is the"
"1"," "
"1","6"
"1"," "
"1","/"
"1"," "
"1","12"
"1"," "
"1","prediction for model"
"1"," "
"1","ARGO"
"1"," "
"1","."
"1","This is the"
"1"," "
"1","7"
"1"," "
"1","/"
"1"," "
"1","12"
"1"," "
"1","prediction for model"
"1"," "
"1","ARGO"
"1"," "
"1","."
"1","This is the"
"1"," "
"1","8"
"1"," "
"1","/"
"1"," "
"1","12"
"1"," "
"1","prediction for model"
"1"," "
"1","ARGO"
"1"," "
"1","."
"1","This is the"
"1"," "
"1","9"
"1"," "
"1","/"
"1"," "
"1","12"
"1"," "
"1","prediction for model"
"1"," "
"1","ARGO"
"1"," "
"1","."
"1","This is the"
"1"," "
"1","10"
"1"," "
"1","/"
"1"," "
"1","12"
"1"," "
"1","prediction for model"
"1"," "
"1","ARGO"
"1"," "
"1","."
"1","This is the"
"1"," "
"1","11"
"1"," "
"1","/"
"1"," "
"1","12"
"1"," "
"1","prediction for model"
"1"," "
"1","ARGO"
"1"," "
"1","."
"1","This is the"
"1"," "
"1","12"
"1"," "
"1","/"
"1"," "
"1","12"
"1"," "
"1","prediction for model"
"1"," "
"1","ARGO"
"1"," "
"1","."
"1","This is the"
"1"," "
"1","1"
"1"," "
"1","/"
"1"," "
"1","12"
"1"," "
"1","prediction for model"
"1"," "
"1","SAR"
"1"," "
"1","."
"1","This is the"
"1"," "
"1","2"
"1"," "
"1","/"
"1"," "
"1","12"
"1"," "
"1","prediction for model"
"1"," "
"1","SAR"
"1"," "
"1","."
"1","This is the"
"1"," "
"1","3"
"1"," "
"1","/"
"1"," "
"1","12"
"1"," "
"1","prediction for model"
"1"," "
"1","SAR"
"1"," "
"1","."
"1","This is the"
"1"," "
"1","4"
"1"," "
"1","/"
"1"," "
"1","12"
"1"," "
"1","prediction for model"
"1"," "
"1","SAR"
"1"," "
"1","."
"1","This is the"
"1"," "
"1","5"
"1"," "
"1","/"
"1"," "
"1","12"
"1"," "
"1","prediction for model"
"1"," "
"1","SAR"
"1"," "
"1","."
"1","This is the"
"1"," "
"1","6"
"1"," "
"1","/"
"1"," "
"1","12"
"1"," "
"1","prediction for model"
"1"," "
"1","SAR"
"1"," "
"1","."
"1","This is the"
"1"," "
"1","7"
"1"," "
"1","/"
"1"," "
"1","12"
"1"," "
"1","prediction for model"
"1"," "
"1","SAR"
"1"," "
"1","."
"1","This is the"
"1"," "
"1","8"
"1"," "
"1","/"
"1"," "
"1","12"
"1"," "
"1","prediction for model"
"1"," "
"1","SAR"
"1"," "
"1","."
"1","This is the"
"1"," "
"1","9"
"1"," "
"1","/"
"1"," "
"1","12"
"1"," "
"1","prediction for model"
"1"," "
"1","SAR"
"1"," "
"1","."
"1","This is the"
"1"," "
"1","10"
"1"," "
"1","/"
"1"," "
"1","12"
"1"," "
"1","prediction for model"
"1"," "
"1","SAR"
"1"," "
"1","."
"1","This is the"
"1"," "
"1","11"
"1"," "
"1","/"
"1"," "
"1","12"
"1"," "
"1","prediction for model"
"1"," "
"1","SAR"
"1"," "
"1","."
"1","This is the"
"1"," "
"1","12"
"1"," "
"1","/"
"1"," "
"1","12"
"1"," "
"1","prediction for model"
"1"," "
"1","SAR"
"1"," "
"1","."
"1","This is the"
"1"," "
"1","1"
"1"," "
"1","/"
"1"," "
"1","12"
"1"," "
"1","prediction for model"
"1"," "
"1","GT"
"1"," "
"1","."
"1","This is the"
"1"," "
"1","2"
"1"," "
"1","/"
"1"," "
"1","12"
"1"," "
"1","prediction for model"
"1"," "
"1","GT"
"1"," "
"1","."
"1","This is the"
"1"," "
"1","3"
"1"," "
"1","/"
"1"," "
"1","12"
"1"," "
"1","prediction for model"
"1"," "
"1","GT"
"1"," "
"1","."
"1","This is the"
"1"," "
"1","4"
"1"," "
"1","/"
"1"," "
"1","12"
"1"," "
"1","prediction for model"
"1"," "
"1","GT"
"1"," "
"1","."
"1","This is the"
"1"," "
"1","5"
"1"," "
"1","/"
"1"," "
"1","12"
"1"," "
"1","prediction for model"
"1"," "
"1","GT"
"1"," "
"1","."
"1","This is the"
"1"," "
"1","6"
"1"," "
"1","/"
"1"," "
"1","12"
"1"," "
"1","prediction for model"
"1"," "
"1","GT"
"1"," "
"1","."
"1","This is the"
"1"," "
"1","7"
"1"," "
"1","/"
"1"," "
"1","12"
"1"," "
"1","prediction for model"
"1"," "
"1","GT"
"1"," "
"1","."
"1","This is the"
"1"," "
"1","8"
"1"," "
"1","/"
"1"," "
"1","12"
"1"," "
"1","prediction for model"
"1"," "
"1","GT"
"1"," "
"1","."
"1","This is the"
"1"," "
"1","9"
"1"," "
"1","/"
"1"," "
"1","12"
"1"," "
"1","prediction for model"
"1"," "
"1","GT"
"1"," "
"1","."
"1","This is the"
"1"," "
"1","10"
"1"," "
"1","/"
"1"," "
"1","12"
"1"," "
"1","prediction for model"
"1"," "
"1","GT"
"1"," "
"1","."
"1","This is the"
"1"," "
"1","11"
"1"," "
"1","/"
"1"," "
"1","12"
"1"," "
"1","prediction for model"
"1"," "
"1","GT"
"1"," "
"1","."
"1","This is the"
"1"," "
"1","12"
"1"," "
"1","/"
"1"," "
"1","12"
"1"," "
"1","prediction for model"
"1"," "
"1","GT"
"1"," "
"1","."
"1","This is the"
"1"," "
"1","1"
"1"," "
"1","/"
"1"," "
"1","12"
"1"," "
"1","prediction for model"
"1"," "
"1","SAR_GT"
"1"," "
"1","."
"1","This is the"
"1"," "
"1","2"
"1"," "
"1","/"
"1"," "
"1","12"
"1"," "
"1","prediction for model"
"1"," "
"1","SAR_GT"
"1"," "
"1","."
"1","This is the"
"1"," "
"1","3"
"1"," "
"1","/"
"1"," "
"1","12"
"1"," "
"1","prediction for model"
"1"," "
"1","SAR_GT"
"1"," "
"1","."
"1","This is the"
"1"," "
"1","4"
"1"," "
"1","/"
"1"," "
"1","12"
"1"," "
"1","prediction for model"
"1"," "
"1","SAR_GT"
"1"," "
"1","."
"1","This is the"
"1"," "
"1","5"
"1"," "
"1","/"
"1"," "
"1","12"
"1"," "
"1","prediction for model"
"1"," "
"1","SAR_GT"
"1"," "
"1","."
"1","This is the"
"1"," "
"1","6"
"1"," "
"1","/"
"1"," "
"1","12"
"1"," "
"1","prediction for model"
"1"," "
"1","SAR_GT"
"1"," "
"1","."
"1","This is the"
"1"," "
"1","7"
"1"," "
"1","/"
"1"," "
"1","12"
"1"," "
"1","prediction for model"
"1"," "
"1","SAR_GT"
"1"," "
"1","."
"1","This is the"
"1"," "
"1","8"
"1"," "
"1","/"
"1"," "
"1","12"
"1"," "
"1","prediction for model"
"1"," "
"1","SAR_GT"
"1"," "
"1","."
"1","This is the"
"1"," "
"1","9"
"1"," "
"1","/"
"1"," "
"1","12"
"1"," "
"1","prediction for model"
"1"," "
"1","SAR_GT"
"1"," "
"1","."
"1","This is the"
"1"," "
"1","10"
"1"," "
"1","/"
"1"," "
"1","12"
"1"," "
"1","prediction for model"
"1"," "
"1","SAR_GT"
"1"," "
"1","."
"1","This is the"
"1"," "
"1","11"
"1"," "
"1","/"
"1"," "
"1","12"
"1"," "
"1","prediction for model"
"1"," "
"1","SAR_GT"
"1"," "
"1","."
"1","This is the"
"1"," "
"1","12"
"1"," "
"1","/"
"1"," "
"1","12"
"1"," "
"1","prediction for model"
"1"," "
"1","SAR_GT"
"1"," "
"1","."
